<?xml version="1.0" encoding="UTF-8"?>
<project-private xmlns="http://www.netbeans.org/ns/project-private/1">
    <editor-bookmarks xmlns="http://www.netbeans.org/ns/editor-bookmarks/2" lastBookmarkId="0"/>
    <open-files xmlns="http://www.netbeans.org/ns/projectui-open-files/2">
        <group>
            <file>file:/Users/garmo/Desktop/HayDayAnimales2022/src/vista/BotonProducir.java</file>
            <file>file:/Users/garmo/Desktop/HayDayAnimales2022/src/controlador/Controlador.java</file>
            <file>file:/Users/garmo/Desktop/HayDayAnimales2022/src/modelo/Animal.java</file>
            <file>file:/Users/garmo/Desktop/HayDayAnimales2022/src/vista/VistaAnimal.java</file>
            <file>file:/Users/garmo/Desktop/HayDayAnimales2022/src/vista/VistaPrincipal.java</file>
        </group>
    </open-files>
</project-private>
