<?xml version="1.0" encoding="UTF-8"?>
<project-private xmlns="http://www.netbeans.org/ns/project-private/1">
    <editor-bookmarks xmlns="http://www.netbeans.org/ns/editor-bookmarks/2" lastBookmarkId="0"/>
    <open-files xmlns="http://www.netbeans.org/ns/projectui-open-files/2">
        <group>
            <file>file:/home/javi5454/Desktop/Github/Linux_PC/II_Curso/II_CUATRI/PDOO/Practicas/MVC/Camaras/src/modelo/Encargo.java</file>
            <file>file:/home/javi5454/Desktop/Github/Linux_PC/II_Curso/II_CUATRI/PDOO/Practicas/MVC/Camaras/src/modelo/Camara.java</file>
            <file>file:/home/javi5454/Desktop/Github/Linux_PC/II_Curso/II_CUATRI/PDOO/Practicas/MVC/Camaras/src/controlador/Controller.java</file>
            <file>file:/home/javi5454/Desktop/Github/Linux_PC/II_Curso/II_CUATRI/PDOO/Practicas/MVC/Camaras/src/main/main.java</file>
            <file>file:/home/javi5454/Desktop/Github/Linux_PC/II_Curso/II_CUATRI/PDOO/Practicas/MVC/Camaras/src/vista/Vista.java</file>
            <file>file:/home/javi5454/Desktop/Github/Linux_PC/II_Curso/II_CUATRI/PDOO/Practicas/MVC/Camaras/src/modelo/CamaraFotos.java</file>
        </group>
    </open-files>
</project-private>
